{
  "model_b_cbam": {
    "auc": 0.8894,
    "recall": 0.8512,
    "fnr": 0.1488,
    "precision": 0.3924,
    "f1": 0.5372,
    "specificity": 0.7372,
    "npv": 0.9613,
    "accuracy": 0.7562,
    "threshold": 0.069,
    "tp": 206,
    "tn": 895,
    "fp": 319,
    "fn": 36
  },
  "model_a_baseline": {
    "auc": 0.9007,
    "recall": 0.9174,
    "fnr": 0.0826,
    "precision": 0.3604,
    "f1": 0.5175,
    "specificity": 0.6755,
    "npv": 0.9762,
    "accuracy": 0.7157,
    "threshold": 0.1982,
    "tp": 222,
    "tn": 820,
    "fp": 394,
    "fn": 20
  },
  "cbam_improvement": {
    "recall_gain": -0.0661,
    "fnr_reduction": -0.0661,
    "auc_difference": -0.0112,
    "npv_difference": -0.0149
  },
  "isic2020": {
    "sample_size": 5000,
    "model_b": {
      "auc": 0.6598936741190407,
      "recall": 0.4772727272727273,
      "fnr": 0.5227272727272727,
      "precision": 0.03668122270742358,
      "f1": 0.0681265206812652,
      "specificity": 0.7754478827361564,
      "npv": 0.9880674448767834,
      "tp": 42.0,
      "tn": 3809.0,
      "fp": 1103.0,
      "fn": 46.0
    },
    "model_a": {
      "auc": 0.6909886733787386,
      "recall": 0.5795454545454546,
      "fnr": 0.42045454545454547,
      "precision": 0.03471749489448604,
      "f1": 0.06551059730250482,
      "specificity": 0.7113192182410424,
      "npv": 0.9895213820447465,
      "tp": 51.0,
      "tn": 3494.0,
      "fp": 1418.0,
      "fn": 37.0
    },
    "model_b_drop": {
      "auc_drop": 0.22951978048087496,
      "recall_drop": 0.37396694214876036,
      "fnr_increase": 0.3739669421487603
    }
  }
}